{
  "model_name": "random_forest",
  "base_oof_auc": 0.8262871537564139,
  "base_oof_pr_auc": 0.7049702434466372,
  "base_oof_brier": 0.13008268429566464,
  "cal_oof_auc": 0.837319715881521,
  "cal_oof_pr_auc": 0.6867240151588273,
  "cal_oof_brier": 0.10703693091922564,
  "best_f1": {
    "threshold": 0.24,
    "f1": 0.6210350584307178,
    "precision": 0.6966292134831461,
    "recall": 0.5602409638554217,
    "accuracy": 0.8485657104736491,
    "balanced_accuracy": 0.7454161117477622,
    "pr_auc": 0.6867240151588273,
    "roc_auc": 0.837319715881521,
    "confusion_matrix": [
      [
        1086,
        81
      ],
      [
        146,
        186
      ]
    ],
    "fp": 81,
    "fn": 146,
    "tp": 186,
    "tn": 1086,
    "cost": 373.0,
    "objective": "f1"
  },
  "best_cost": {
    "threshold": 0.24,
    "f1": 0.6210350584307178,
    "precision": 0.6966292134831461,
    "recall": 0.5602409638554217,
    "accuracy": 0.8485657104736491,
    "balanced_accuracy": 0.7454161117477622,
    "pr_auc": 0.6867240151588273,
    "roc_auc": 0.837319715881521,
    "confusion_matrix": [
      [
        1086,
        81
      ],
      [
        146,
        186
      ]
    ],
    "fp": 81,
    "fn": 146,
    "tp": 186,
    "tn": 1086,
    "cost": 373.0,
    "objective": "cost"
  },
  "overall_at_best_f1_threshold": {
    "balanced_accuracy": 0.7454161117477622,
    "precision": 0.6966292134831461,
    "recall": 0.5602409638554217,
    "f1": 0.6210350584307178,
    "accuracy": 0.8485657104736491,
    "pr_auc": 0.6867240151588273,
    "roc_auc": 0.837319715881521,
    "brier": 0.10703693091922564,
    "tn": 1086,
    "fp": 81,
    "fn": 146,
    "tp": 186
  },
  "fold_metric_summary": {
    "balanced_accuracy_mean": 0.7448893260526515,
    "balanced_accuracy_std": 0.04706617583457481,
    "precision_mean": 0.7610259414770694,
    "precision_std": 0.207209249844838,
    "recall_mean": 0.5591332224623489,
    "recall_std": 0.10897484049880962,
    "f1_mean": 0.6236188195412553,
    "f1_std": 0.08623227783889548,
    "pr_auc_mean": 0.7037498041188801,
    "pr_auc_std": 0.08101257192535824,
    "roc_auc_mean": 0.8395488709722899,
    "roc_auc_std": 0.04640664403207332,
    "accuracy_mean": 0.8487009446513115,
    "accuracy_std": 0.05159401321380649,
    "brier_mean": 0.10698134699506048,
    "brier_std": 0.022240288735627656
  },
  "subject_metric_summary": {
    "balanced_accuracy_mean": 0.7397792611852804,
    "balanced_accuracy_std": 0.1910932409916252,
    "precision_mean": 0.6644201866416192,
    "precision_std": 0.366984346615475,
    "recall_mean": 0.5481617416400024,
    "recall_std": 0.4182933473522909,
    "f1_mean": 0.5307736000715735,
    "f1_std": 0.3634873708195579,
    "pr_auc_mean": 0.741157527544452,
    "pr_auc_std": 0.2597808878520341,
    "roc_auc_mean": 0.8506138690626426,
    "roc_auc_std": 0.18041184037583965,
    "accuracy_mean": 0.848400355479104,
    "accuracy_std": 0.09931837294705725,
    "brier_mean": 0.1075159470623174,
    "brier_std": 0.06093975281250199
  },
  "folds": [
    {
      "fold": 1,
      "n_test": 301,
      "auc": 0.8365942943701086,
      "pr_auc": 0.7361704055835981,
      "brier": 0.17409370910761532,
      "test_subjects": [
        "S10",
        "S16",
        "S6"
      ]
    },
    {
      "fold": 2,
      "n_test": 298,
      "auc": 0.9039219486980681,
      "pr_auc": 0.8584999516972643,
      "brier": 0.07252320966313348,
      "test_subjects": [
        "S14",
        "S17",
        "S2"
      ]
    },
    {
      "fold": 3,
      "n_test": 300,
      "auc": 0.8238215042372881,
      "pr_auc": 0.6783930710474076,
      "brier": 0.13233294893963488,
      "test_subjects": [
        "S13",
        "S5",
        "S9"
      ]
    },
    {
      "fold": 4,
      "n_test": 300,
      "auc": 0.785859247135843,
      "pr_auc": 0.7117241757403276,
      "brier": 0.10653599344671875,
      "test_subjects": [
        "S11",
        "S4",
        "S7"
      ]
    },
    {
      "fold": 5,
      "n_test": 300,
      "auc": 0.7880324543610548,
      "pr_auc": 0.6642243131503681,
      "brier": 0.16439712707429724,
      "test_subjects": [
        "S15",
        "S3",
        "S8"
      ]
    }
  ],
  "models": {
    "random_forest": {
      "model_name": "random_forest",
      "base_oof_auc": 0.8262871537564139,
      "base_oof_pr_auc": 0.7049702434466372,
      "base_oof_brier": 0.13008268429566464,
      "cal_oof_auc": 0.837319715881521,
      "cal_oof_pr_auc": 0.6867240151588273,
      "cal_oof_brier": 0.10703693091922564,
      "best_f1": {
        "threshold": 0.24,
        "f1": 0.6210350584307178,
        "precision": 0.6966292134831461,
        "recall": 0.5602409638554217,
        "accuracy": 0.8485657104736491,
        "balanced_accuracy": 0.7454161117477622,
        "pr_auc": 0.6867240151588273,
        "roc_auc": 0.837319715881521,
        "confusion_matrix": [
          [
            1086,
            81
          ],
          [
            146,
            186
          ]
        ],
        "fp": 81,
        "fn": 146,
        "tp": 186,
        "tn": 1086,
        "cost": 373.0,
        "objective": "f1"
      },
      "best_cost": {
        "threshold": 0.24,
        "f1": 0.6210350584307178,
        "precision": 0.6966292134831461,
        "recall": 0.5602409638554217,
        "accuracy": 0.8485657104736491,
        "balanced_accuracy": 0.7454161117477622,
        "pr_auc": 0.6867240151588273,
        "roc_auc": 0.837319715881521,
        "confusion_matrix": [
          [
            1086,
            81
          ],
          [
            146,
            186
          ]
        ],
        "fp": 81,
        "fn": 146,
        "tp": 186,
        "tn": 1086,
        "cost": 373.0,
        "objective": "cost"
      },
      "overall_at_best_f1_threshold": {
        "balanced_accuracy": 0.7454161117477622,
        "precision": 0.6966292134831461,
        "recall": 0.5602409638554217,
        "f1": 0.6210350584307178,
        "accuracy": 0.8485657104736491,
        "pr_auc": 0.6867240151588273,
        "roc_auc": 0.837319715881521,
        "brier": 0.10703693091922564,
        "tn": 1086,
        "fp": 81,
        "fn": 146,
        "tp": 186
      },
      "fold_metric_summary": {
        "balanced_accuracy_mean": 0.7448893260526515,
        "balanced_accuracy_std": 0.04706617583457481,
        "precision_mean": 0.7610259414770694,
        "precision_std": 0.207209249844838,
        "recall_mean": 0.5591332224623489,
        "recall_std": 0.10897484049880962,
        "f1_mean": 0.6236188195412553,
        "f1_std": 0.08623227783889548,
        "pr_auc_mean": 0.7037498041188801,
        "pr_auc_std": 0.08101257192535824,
        "roc_auc_mean": 0.8395488709722899,
        "roc_auc_std": 0.04640664403207332,
        "accuracy_mean": 0.8487009446513115,
        "accuracy_std": 0.05159401321380649,
        "brier_mean": 0.10698134699506048,
        "brier_std": 0.022240288735627656
      },
      "subject_metric_summary": {
        "balanced_accuracy_mean": 0.7397792611852804,
        "balanced_accuracy_std": 0.1910932409916252,
        "precision_mean": 0.6644201866416192,
        "precision_std": 0.366984346615475,
        "recall_mean": 0.5481617416400024,
        "recall_std": 0.4182933473522909,
        "f1_mean": 0.5307736000715735,
        "f1_std": 0.3634873708195579,
        "pr_auc_mean": 0.741157527544452,
        "pr_auc_std": 0.2597808878520341,
        "roc_auc_mean": 0.8506138690626426,
        "roc_auc_std": 0.18041184037583965,
        "accuracy_mean": 0.848400355479104,
        "accuracy_std": 0.09931837294705725,
        "brier_mean": 0.1075159470623174,
        "brier_std": 0.06093975281250199
      },
      "folds": [
        {
          "fold": 1,
          "n_test": 301,
          "auc": 0.8365942943701086,
          "pr_auc": 0.7361704055835981,
          "brier": 0.17409370910761532,