feature,importance
rpeaks_count,0.25455056493536915
hr_mean_bpm,0.19433293028979054
hrv_sdnn_ms,0.12421019723054223
hrv_rmssd_ms,0.1216176952373719
hr_std_bpm,0.10892083885579944
resp_std,0.09189174309017072
resp_rate_bpm,0.05360233526474719
resp_peaks_count,0.05087369509620888
